{
  "id": "3491448",
  "name": "starbucks",
  "font_family": "iconfont",
  "css_prefix_text": "icon-",
  "description": "",
  "glyphs": [
    {
      "icon_id": "23571914",
      "name": "员工账户",
      "font_class": "zhanghu",
      "unicode": "e7ba",
      "unicode_decimal": 59322
    },
    {
      "icon_id": "11125634",
      "name": "门店",
      "font_class": "mendian",
      "unicode": "e624",
      "unicode_decimal": 58916
    },
    {
      "icon_id": "77822",
      "name": "更多",
      "font_class": "gengduo",
      "unicode": "e600",
      "unicode_decimal": 58880
    },
    {
      "icon_id": "5121531",
      "name": "主页",
      "font_class": "zhuye",
      "unicode": "e64e",
      "unicode_decimal": 58958
    },
    {
      "icon_id": "26302604",
      "name": "咖啡",
      "font_class": "kafei",
      "unicode": "e75b",
      "unicode_decimal": 59227
    }
  ]
}
